{
    "entries_table1": 296592,
    "entries_table2": 285346,
    "load_factor_table1": 0.92685,
    "load_factor_table2": 0.89170625,
    "table_size": 320000,
    "total_entries": 581938
}