{
    "average_probe_length": 2105.937981778383,
    "load_factor": 0.695259375,
    "maximum_probe_length": 93914,
    "table_size": 320000,
    "total_entries": 222483
}