{
    "average_probe_length": 2140.3923959248827,
    "load_factor": 0.6969125,
    "maximum_probe_length": 94458,
    "table_size": 320000,
    "total_entries": 223012
}