{
    "entries_table1": 296876,
    "entries_table2": 285595,
    "load_factor_table1": 0.9277375,
    "load_factor_table2": 0.892484375,
    "table_size": 320000,
    "total_entries": 582471
}