{
    "average_probe_length": 2.3340226440481016,
    "load_factor": 0.81754375,
    "maximum_probe_length": 3235,
    "table_size": 1280000,
    "total_entries": 1046456
}