{
    "average_probe_length": 2.1775736250548308,
    "load_factor": 0.8228453125,
    "maximum_probe_length": 3217,
    "table_size": 1280000,
    "total_entries": 1053242
}