{
    "entries_table1": 301253,
    "entries_table2": 296706,
    "load_factor_table1": 0.941415625,
    "load_factor_table2": 0.92720625,
    "table_size": 320000,
    "total_entries": 597959
}