{
    "average_probe_length": 1358.2413788976955,
    "load_factor": 0.783415625,
    "maximum_probe_length": 141365,
    "table_size": 640000,
    "total_entries": 501386
}