{
    "entries_table1": 302407,
    "entries_table2": 299363,
    "load_factor_table1": 0.945021875,
    "load_factor_table2": 0.935509375,
    "table_size": 320000,
    "total_entries": 601770
}