{
    "Census_GovUnits2022_Population": {
        "average_probe_length": 0.8252375051631557,
        "load_factor": 0.60525,
        "maximum_probe_length": 69,
        "table_size": 320000,
        "total_entries": 193680
    },
    "Census_GovUnits2022_Addresses": {
        "average_probe_length": 4598.31952189178,
        "load_factor": 0.9684,
        "maximum_probe_length": 37239,
        "table_size": 40000,
        "total_entries": 38736
    },
    "Census_GovUnits2022_ZIP": {
        "average_probe_length": 10.896711069805866,
        "load_factor": 0.9684,
        "maximum_probe_length": 6034,
        "table_size": 80000,
        "total_entries": 77472
    },
    "Census_GovUnits2022_UnitName": {
        "average_probe_length": 4.418628665840561,
        "load_factor": 0.9684,
        "maximum_probe_length": 307,
        "table_size": 160000,
        "total_entries": 154944
    },
    "Census_GovUnits2022_Title": {
        "average_probe_length": 5.876015420625086,
        "load_factor": 0.7263,
        "maximum_probe_length": 307,
        "table_size": 160000,
        "total_entries": 116208
    },
    "English_Dict": {
        "average_probe_length": 0.8701979306223288,
        "load_factor": 0.775859765625,
        "maximum_probe_length": 139,
        "table_size": 2560000,
        "total_entries": 1986201
    },
    "English_DictR2": {
        "average_probe_length": 1.0497173364147425,
        "load_factor": 0.593613671875,
        "maximum_probe_length": 139,
        "table_size": 2560000,
        "total_entries": 1519651
    },
    "English_DictR3": {
        "average_probe_length": 1114.1439397426652,
        "load_factor": 0.9164859375,
        "maximum_probe_length": 139034,
        "table_size": 640000,
        "total_entries": 586551
    },
    "English_DictR1": {
        "average_probe_length": 2.180995934862848,
        "load_factor": 0.82273515625,
        "maximum_probe_length": 3217,
        "table_size": 1280000,
        "total_entries": 1053101
    }
}