{
    "entries_table1": 302249,
    "entries_table2": 299142,
    "load_factor_table1": 0.944528125,
    "load_factor_table2": 0.93481875,
    "table_size": 320000,
    "total_entries": 601391
}