{
    "average_probe_length": 7021.844566464514,
    "load_factor": 0.95328125,
    "maximum_probe_length": 57878,
    "table_size": 64000,
    "total_entries": 61010
}