{
    "average_probe_length": 3406.795891676441,
    "load_factor": 0.7526640625,
    "maximum_probe_length": 84132,
    "table_size": 256000,
    "total_entries": 192682
}