{
    "average_probe_length": 1467.9620347589678,
    "load_factor": 0.869267578125,
    "maximum_probe_length": 124101,
    "table_size": 512000,
    "total_entries": 445065
}