{
    "average_probe_length": 723.5136518468476,
    "load_factor": 0.8253876953125,
    "maximum_probe_length": 204827,
    "table_size": 1024000,
    "total_entries": 845197
}