{
    "entries_table1": 249306,
    "entries_table2": 248456,
    "load_factor_table1": 0.9738515625,
    "load_factor_table2": 0.97053125,
    "table_size": 256000,
    "total_entries": 497762
}