{
    "average_probe_length": 1114.1439397426652,
    "load_factor": 0.9164859375,
    "maximum_probe_length": 139034,
    "table_size": 640000,
    "total_entries": 586551
}