{
    "average_probe_length": 916.2838356561235,
    "load_factor": 0.906103125,
    "maximum_probe_length": 136188,
    "table_size": 640000,
    "total_entries": 579906
}