{
    "average_probe_length": 1119.160232285424,
    "load_factor": 0.91670625,
    "maximum_probe_length": 139034,
    "table_size": 640000,
    "total_entries": 586692
}