{
    "entries_table1": 301457,
    "entries_table2": 296956,
    "load_factor_table1": 0.942053125,
    "load_factor_table2": 0.9279875,
    "table_size": 320000,
    "total_entries": 598413
}