{
    "entries_table1": 301393,
    "entries_table2": 296961,
    "load_factor_table1": 0.941853125,
    "load_factor_table2": 0.928003125,
    "table_size": 320000,
    "total_entries": 598354
}