{
    "average_probe_length": 1.0488391982583016,
    "load_factor": 0.59101796875,
    "maximum_probe_length": 140,
    "table_size": 2560000,
    "total_entries": 1513006
}