{
    "average_probe_length": 1.0497759735773828,
    "load_factor": 0.59371484375,
    "maximum_probe_length": 139,
    "table_size": 2560000,
    "total_entries": 1519910
}