{
    "average_probe_length": 0.8252375051631557,
    "load_factor": 0.60525,
    "maximum_probe_length": 69,
    "table_size": 320000,
    "total_entries": 193680
}