{
    "average_probe_length": 6911.863715792944,
    "load_factor": 0.9478125,
    "maximum_probe_length": 57166,
    "table_size": 64000,
    "total_entries": 60660
}