{
    "entries_table1": 232877,
    "entries_table2": 196724,
    "load_factor_table1": 0.727740625,
    "load_factor_table2": 0.6147625,
    "table_size": 320000,
    "total_entries": 429601
}