{
    "average_probe_length": 5437.48462530493,
    "load_factor": 0.8044875,
    "maximum_probe_length": 56870,
    "table_size": 80000,
    "total_entries": 64359
}