{
    "entries_table1": 233013,
    "entries_table2": 197666,
    "load_factor_table1": 0.728165625,
    "load_factor_table2": 0.61770625,
    "table_size": 320000,
    "total_entries": 430679
}