{
    "average_probe_length": 0.870194214834429,
    "load_factor": 0.7759609375,
    "maximum_probe_length": 139,
    "table_size": 2560000,
    "total_entries": 1986460
}