{
    "average_probe_length": 2.1813605984658615,
    "load_factor": 0.8229375,
    "maximum_probe_length": 3220,
    "table_size": 1280000,
    "total_entries": 1053360
}