{
    "average_probe_length": 1121.526139636339,
    "load_factor": 0.916890625,
    "maximum_probe_length": 139034,
    "table_size": 640000,
    "total_entries": 586810
}