{
    "average_probe_length": 0.8707669800702784,
    "load_factor": 0.7732640625,
    "maximum_probe_length": 140,
    "table_size": 2560000,
    "total_entries": 1979556
}